{
  "0": 0.3,
  "1": 0.05,
  "2": 0.125,
  "3": 0.15000000000000002,
  "4": 0.15000000000000002,
  "5": 0.25,
  "6": 0.25,
  "7": 0.25,
  "8": 0.375,
  "9": 0.375,
  "10": 0.25,
  "11": 0.2,
  "12": 0.25,
  "13": 0.5,
  "14": 0.25,
  "15": 0.375,
  "16": 0.25,
  "17": 0.15000000000000002,
  "18": 0.75,
  "19": 0.2,
  "20": 0.5,
  "21": 0.375,
  "22": 0.25,
  "23": 0.2,
  "24": 0.2,
  "25": 0.25,
  "26": 0.5,
  "27": 0.5,
  "28": 0.25,
  "29": 0.25,
  "30": 0.2,
  "31": 0.375,
  "32": 0.75,
  "33": 0.75,
  "34": 0.2,
  "35": 0.15000000000000002,
  "36": 0.5,
  "37": 0.25,
  "38": 0.5,
  "39": 0.25,
  "40": 0.375,
  "41": 0.5,
  "42": 0.25,
  "43": 0.2,
  "44": 0.25,
  "45": 0.5,
  "46": 0.5,
  "47": 0.375,
  "48": 0.25,
  "49": 0.2,
  "50": 0.375,
  "51": 0.375,
  "52": 0.375,
  "53": 0.375,
  "54": 0.25,
  "55": 0.25,
  "56": 0.2,
  "57": 0.25,
  "58": 0.25,
  "59": 0.25,
  "60": 0.15000000000000002,
  "61": 0.125,
  "62": 0.0625,
  "63": 0.05,
  "64": 0.07500000000000001,
  "65": 0.07500000000000001,
  "66": 0.0625,
  "67": 0.0625,
  "68": 0.07500000000000001,
  "69": 0.07500000000000001,
  "70": 0.0025000000000000005,
  "71": 0.0
}